date,temp_avg_c,temp_max_c,temp_min_c,precip_mm,humidity_pct,windspeed_ms,cloud_cover_pct
2022-08-01,30.93,40.58,22.66,0.18,48.52,3.4,19.79
2022-08-02,30.01,38.79,21.79,0.06,49.87,3.24,22.09
2022-08-03,29.69,38.35,21.44,0.02,46.99,3.6,4.11
2022-08-04,30.06,38.95,21.37,0.0,48.71,2.95,21.89
2022-08-05,30.28,38.49,22.67,0.0,46.93,2.82,25.25
2022-08-06,30.0,38.4,22.85,0.0,46.4,2.79,31.48
2022-08-07,29.72,37.31,21.85,0.0,39.8,2.36,28.57
2022-08-08,30.91,38.16,23.71,0.0,37.3,2.54,11.91
2022-08-09,31.05,38.3,24.45,0.0,39.64,2.84,15.55
2022-08-10,30.37,37.42,23.31,0.0,45.6,2.7,21.64
2022-08-11,30.13,37.7,22.87,0.0,44.5,2.61,20.52
2022-08-12,29.63,37.12,22.62,0.0,46.52,3.06,23.06
2022-08-13,29.16,37.26,21.89,0.0,48.57,3.51,10.25
2022-08-14,29.84,38.27,21.69,0.03,50.09,3.24,4.89
2022-08-15,29.46,37.17,21.84,0.0,51.2,2.88,30.57
2022-08-16,29.64,37.93,21.73,0.27,50.42,3.44,20.73
2022-08-17,29.03,37.51,21.57,0.15,48.4,3.28,19.4
2022-08-18,29.52,38.87,21.25,0.03,49.43,2.94,9.41
2022-08-19,29.88,38.14,21.55,0.0,44.6,2.4,21.78
2022-08-20,31.17,39.88,23.03,0.0,44.67,2.96,21.39
2022-08-21,31.08,38.81,23.33,0.0,37.7,2.47,21.84
2022-08-22,31.55,39.58,23.65,0.0,45.01,2.38,22.13
2022-08-23,32.51,40.3,25.0,0.0,36.51,2.65,4.1
2022-08-24,33.35,41.9,25.14,0.0,33.71,2.64,11.24
2022-08-25,31.06,38.72,24.42,0.0,50.85,4.05,40.86
2022-08-26,29.86,37.06,22.76,0.0,44.18,2.63,22.29
2022-08-27,30.15,38.54,21.99,0.0,41.52,3.67,6.82
2022-08-28,30.15,38.49,23.04,0.0,51.25,4.25,15.09
2022-08-29,30.08,38.77,22.75,0.13,53.23,3.94,27.09
2022-08-30,30.04,38.22,23.06,0.58,53.62,3.11,41.77
2022-08-31,29.58,37.07,23.28,0.29,53.09,3.44,26.71
2022-09-01,29.44,37.86,22.04,0.0,50.09,3.82,8.1
2022-09-02,29.5,37.54,22.04,0.0,50.61,3.36,9.07
2022-09-03,29.45,37.61,22.84,0.0,52.43,3.52,7.92
2022-09-04,29.11,37.84,21.94,0.0,51.93,3.79,8.29
2022-09-05,28.73,36.81,21.66,0.0,53.73,3.2,7.67
2022-09-06,28.26,35.92,21.64,0.0,54.55,3.49,14.61
2022-09-07,28.55,35.85,22.05,0.0,54.96,3.03,26.07
2022-09-08,29.25,36.74,21.75,0.0,52.8,2.97,21.31
2022-09-09,29.14,37.39,21.62,0.0,51.63,3.74,9.89
2022-09-10,28.5,37.2,20.82,0.0,47.03,3.56,9.24
2022-09-11,28.36,37.85,19.21,0.0,46.4,2.64,4.84
2022-09-12,29.26,37.79,21.5,0.0,51.38,2.52,21.91
2022-09-13,28.49,36.29,21.58,0.0,51.96,2.71,23.37
2022-09-14,27.31,34.48,20.46,0.0,46.33,2.73,6.08
2022-09-15,26.38,33.6,19.45,0.0,47.85,2.75,5.82
2022-09-16,26.32,33.18,20.57,0.0,42.13,1.77,5.46
2022-09-17,27.05,34.2,20.21,0.0,50.5,2.09,39.27
2022-09-18,27.53,34.64,20.89,0.04,47.35,2.13,5.15
2022-09-19,27.68,35.34,20.35,0.58,52.0,2.5,5.41
2022-09-20,26.9,33.94,21.55,3.32,55.81,2.3,13.58
2022-09-21,25.51,33.22,18.86,0.0,53.02,2.57,4.86
2022-09-22,28.25,36.43,20.56,0.0,41.61,2.71,1.56
2022-09-23,28.77,36.62,22.29,0.0,50.84,3.59,1.53
2022-09-24,28.54,37.64,21.25,0.0,47.41,4.39,26.22
2022-09-25,29.02,38.53,21.23,0.0,49.94,4.02,15.55
2022-09-26,29.68,39.03,22.12,0.0,45.98,3.14,1.49
2022-09-27,29.25,38.11,21.32,0.0,47.89,3.06,1.39
2022-09-28,28.8,37.09,21.62,0.0,43.93,2.93,2.56
2022-09-29,29.79,38.72,22.14,0.0,36.38,3.93,1.4
2022-09-30,30.2,39.49,22.41,0.0,46.09,4.54,1.52
2022-10-01,29.75,39.56,22.27,0.0,52.3,4.16,2.08
2022-10-02,28.7,38.09,20.6,0.0,53.28,2.6,10.92
2022-10-03,27.13,34.14,22.27,0.0,59.89,3.27,9.94
2022-10-04,25.4,32.9,18.79,0.0,52.66,2.36,4.88
2022-10-05,25.75,33.52,19.11,0.0,57.37,2.65,3.82
2022-10-06,25.11,32.22,19.43,0.0,52.58,3.34,10.15
2022-10-07,23.51,30.11,17.56,0.0,48.78,2.64,21.5
2022-10-08,23.36,30.3,17.18,0.0,48.62,2.63,16.64
2022-10-09,23.37,30.18,17.01,0.0,54.64,2.83,22.0
2022-10-10,23.56,30.74,17.14,0.0,61.34,2.94,20.38
2022-10-11,24.07,31.56,17.37,0.0,62.0,3.37,19.73
2022-10-12,23.76,30.55,17.82,0.0,62.11,3.06,22.82
2022-10-13,23.56,31.04,16.98,0.0,60.74,3.06,19.95
2022-10-14,22.82,29.62,16.7,0.0,57.7,2.28,15.97
2022-10-15,25.02,33.04,17.56,0.0,43.9,2.08,29.72
2022-10-16,24.67,30.93,19.63,0.01,44.13,3.12,29.85
2022-10-17,23.82,30.37,18.06,0.01,57.1,3.23,25.0
2022-10-18,22.85,29.7,16.75,0.0,59.01,2.34,13.25
2022-10-19,22.92,29.58,16.93,0.01,61.43,2.18,16.28
2022-10-20,23.57,30.03,17.51,0.06,60.24,2.14,13.27
2022-10-21,23.12,29.31,17.85,0.08,63.06,3.07,8.26
2022-10-22,23.15,29.15,17.26,0.31,59.53,2.52,12.28
2022-10-23,22.45,27.92,17.88,0.86,57.56,2.67,21.71
2022-10-24,21.79,28.04,15.84,0.09,59.38,2.57,34.23
2022-10-25,21.45,26.21,16.64,3.42,70.12,2.76,49.09
2022-10-26,22.57,28.88,17.09,0.51,64.59,2.79,15.03
2022-10-27,22.68,29.83,16.78,0.27,66.39,2.41,20.01
2022-10-28,22.87,29.58,16.96,0.01,59.09,2.89,19.14
2022-10-29,22.23,28.57,15.76,0.02,59.91,2.23,14.03
2022-10-30,21.7,28.16,16.52,0.04,59.84,2.63,13.83
2022-10-31,21.14,27.79,15.85,0.01,58.9,1.65,1.52
2022-11-01,20.43,26.39,16.32,0.19,57.38,1.87,21.14
2022-11-02,19.96,26.84,14.36,0.0,63.62,2.6,7.7
2022-11-03,20.45,27.66,14.34,0.0,63.84,2.13,12.18
2022-11-04,20.28,27.08,14.25,0.0,61.48,2.34,48.13
2022-11-05,19.57,26.47,14.11,0.0,56.11,1.73,6.87
2022-11-06,19.46,26.59,13.68,0.0,53.93,1.56,2.21
2022-11-07,19.78,27.57,12.83,0.0,44.28,2.78,1.42
2022-11-08,19.56,25.42,14.73,0.2,67.86,2.81,27.91
2022-11-09,19.09,25.83,13.96,0.03,64.54,2.28,13.0
2022-11-10,18.45,25.57,13.14,0.0,59.51,1.57,8.02
2022-11-11,19.4,26.68,13.35,0.01,64.42,3.1,7.8
2022-11-12,19.96,27.21,13.83,0.03,64.15,2.68,9.65
2022-11-13,20.8,28.49,15.03,0.18,67.83,3.27,9.98
2022-11-14,20.26,26.15,15.65,0.12,63.88,3.13,22.96
2022-11-15,18.28,24.62,13.27,0.0,60.41,2.03,17.18
2022-11-16,17.94,24.35,12.78,0.03,57.58,1.91,13.36
2022-11-17,18.39,24.65,12.98,0.0,61.8,1.82,4.06
2022-11-18,19.0,26.27,14.33,0.0,52.12,1.37,1.09
2022-11-19,18.78,26.83,12.98,0.0,63.01,2.68,3.35
2022-11-20,19.54,28.25,12.9,0.0,63.36,2.92,26.94
2022-11-21,19.54,26.49,13.92,0.0,49.32,2.13,64.91
2022-11-22,18.89,25.7,13.47,0.02,69.43,2.37,32.19
2022-11-23,17.97,25.15,12.39,0.01,67.97,1.77,21.23
2022-11-24,17.14,23.85,11.86,0.0,52.46,2.32,28.63
2022-11-25,17.42,24.26,13.07,0.0,51.73,3.74,26.32
2022-11-26,16.44,23.36,11.31,0.0,66.29,2.17,48.58
2022-11-27,15.46,20.69,11.96,0.0,67.12,1.11,85.24
2022-11-28,16.2,21.79,11.29,0.0,60.1,2.13,65.31
2022-11-29,16.33,23.47,10.0,0.0,51.79,1.67,3.38
2022-11-30,18.02,24.98,12.62,0.0,47.96,0.95,2.3
2022-12-01,17.22,24.65,12.18,0.0,40.35,1.4,2.4
2022-12-02,18.07,25.58,12.33,0.0,50.91,1.8,11.65
2022-12-03,18.75,26.24,13.58,0.03,69.89,3.21,37.69
2022-12-04,17.63,24.18,13.13,0.0,67.93,3.36,39.49
2022-12-05,16.81,23.0,12.48,0.03,67.16,3.16,26.59
2022-12-06,16.65,22.28,12.45,0.08,66.63,2.32,12.66
2022-12-07,15.91,22.14,10.87,0.0,65.48,1.12,13.49
2022-12-08,17.27,23.73,11.49,0.0,46.09,1.17,5.49
2022-12-09,18.51,25.89,11.84,0.0,35.92,1.37,25.43
2022-12-10,16.39,24.87,9.33,0.0,46.85,1.14,1.71
2022-12-11,16.72,24.25,11.51,0.0,45.4,1.73,26.91
2022-12-12,17.25,25.34,12.15,0.0,45.47,2.61,25.48
2022-12-13,17.12,23.03,13.49,0.0,72.38,1.59,56.06
2022-12-14,17.64,24.09,12.52,0.0,52.68,2.34,27.27
2022-12-15,17.73,24.92,12.82,0.0,50.6,1.18,1.78
2022-12-16,17.44,24.77,11.97,0.0,66.62,2.86,24.61
2022-12-17,18.06,26.34,12.43,0.24,72.89,3.04,33.52
2022-12-18,17.86,27.33,12.65,0.26,66.38,3.12,13.32
2022-12-19,17.02,25.35,11.82,0.26,71.77,2.82,6.49
2022-12-20,16.22,22.4,10.54,0.18,74.33,2.58,23.52
2022-12-21,15.39,20.69,12.44,0.27,70.41,2.7,17.17
2022-12-22,15.38,20.85,11.19,7.8,73.87,1.49,44.47
2022-12-23,14.65,20.02,10.27,7.8,80.23,2.37,61.03
2022-12-24,14.09,19.38,9.38,0.98,74.5,2.93,56.64
2022-12-25,14.47,19.66,9.74,5.91,75.3,2.39,75.37
2022-12-26,14.39,20.31,9.86,0.44,74.46,3.22,30.4
2022-12-27,13.45,21.19,7.92,0.0,69.21,2.24,15.05
2022-12-28,12.59,19.61,8.1,0.0,62.75,1.38,9.95
2022-12-29,13.11,20.49,7.62,0.0,63.69,1.5,4.55
2022-12-30,14.69,21.07,10.06,0.63,74.2,1.88,5.4
2022-12-31,13.78,21.01,8.19,0.01,73.86,2.76,19.89
2023-01-01,14.71,21.2,10.54,0.06,76.77,3.01,38.48
2023-01-02,14.61,22.84,9.76,0.18,77.2,1.9,3.19
2023-01-03,13.95,20.4,8.92,0.38,79.83,2.21,33.89
2023-01-04,14.35,19.92,9.61,0.39,78.11,2.48,45.55
2023-01-05,13.09,19.47,7.82,0.05,74.68,1.71,14.27
2023-01-06,13.45,20.97,7.95,0.0,64.4,1.94,70.14
2023-01-07,14.29,20.43,9.62,0.02,61.11,1.17,66.72
2023-01-08,13.47,19.75,9.11,0.7,69.9,1.96,62.22
2023-01-09,12.56,18.09,7.97,1.15,78.54,1.7,23.71
2023-01-10,14.28,21.31,8.75,0.01,63.7,0.8,1.35
2023-01-11,13.18,19.87,8.48,0.0,60.98,1.7,43.95
2023-01-12,11.78,18.81,7.46,0.34,62.6,2.58,38.94
2023-01-13,12.42,19.69,7.08,0.01,61.55,2.81,28.71
2023-01-14,13.17,19.03,9.7,0.31,64.06,2.91,53.37
2023-01-15,12.74,19.08,7.51,0.01,65.94,1.81,42.07
2023-01-16,11.2,16.88,8.0,0.36,63.41,2.42,49.46
2023-01-17,12.21,19.52,5.8,0.0,62.16,1.15,4.27
2023-01-18,12.78,22.0,6.27,0.0,60.77,2.18,3.07
2023-01-19,13.9,23.86,6.77,0.01,61.36,1.92,7.04
2023-01-20,13.48,22.41,6.84,0.0,50.74,2.02,28.06
2023-01-21,13.06,20.06,8.88,2.45,78.34,1.4,11.23
2023-01-22,13.02,20.64,7.72,9.47,78.84,2.26,9.31
2023-01-23,13.76,21.74,7.82,20.53,82.76,2.59,29.83
2023-01-24,14.2,21.97,9.62,34.09,81.6,3.1,15.29
2023-01-25,12.82,20.66,7.94,5.16,80.0,2.71,8.74
2023-01-26,12.71,21.28,7.13,3.02,74.67,2.2,0.52
2023-01-27,15.33,23.96,9.72,0.0,45.25,3.42,53.55
2023-01-28,14.76,21.9,9.66,0.0,51.99,2.5,69.78
2023-01-29,13.92,20.88,9.55,0.12,73.12,2.38,63.07
2023-01-30,12.87,20.4,8.48,0.03,71.84,1.97,10.18
2023-01-31,10.62,15.75,5.91,1.74,68.12,3.34,27.31
2023-02-01,10.3,16.25,6.27,3.23,71.94,4.42,37.1
2023-02-02,10.73,17.7,4.34,0.01,68.86,1.94,69.09
2023-02-03,11.64,17.84,7.38,0.01,71.04,1.44,35.45
2023-02-04,11.26,18.69,5.26,0.09,70.4,2.32,29.99
2023-02-05,11.25,18.76,5.64,0.0,59.9,3.59,30.37
2023-02-06,9.73,13.8,6.03,0.46,64.75,4.67,55.75
2023-02-07,8.32,14.07,3.41,0.16,71.99,3.1,63.26
2023-02-08,8.57,13.75,3.82,2.04,79.21,2.11,74.89
2023-02-09,9.23,15.41,3.96,0.0,64.07,1.13,31.37
2023-02-10,10.19,18.11,3.93,0.0,70.97,1.87,7.18
2023-02-11,10.28,15.96,5.28,3.33,79.15,2.92,46.85
2023-02-12,10.43,16.59,5.04,0.26,71.46,2.56,41.89
2023-02-13,9.82,16.43,4.43,0.26,73.27,2.17,25.95
2023-02-14,9.66,16.07,4.14,0.56,75.54,2.06,54.82
2023-02-15,10.08,16.41,4.37,0.06,73.88,2.02,33.71
2023-02-16,11.44,17.54,6.29,0.06,72.23,1.93,28.61
2023-02-17,11.59,18.75,5.95,0.02,74.25,2.62,30.68
2023-02-18,12.09,20.18,6.33,0.0,72.69,3.28,28.08
2023-02-19,12.32,20.65,6.27,0.01,73.87,3.25,30.32
2023-02-20,12.7,20.18,7.58,0.0,72.38,3.16,78.56
2023-02-21,13.42,20.77,7.48,0.0,68.31,1.93,55.03
2023-02-22,13.12,20.57,7.59,0.0,74.85,1.77,54.38
2023-02-23,13.85,20.38,8.83,0.0,67.66,1.67,69.59
2023-02-24,14.45,20.93,9.37,0.0,66.5,1.89,45.74
2023-02-25,15.9,22.75,10.35,0.0,62.09,1.08,18.82
2023-02-26,15.7,23.24,10.48,0.0,61.44,1.68,10.82
2023-02-27,15.95,26.19,8.39,0.0,70.99,2.91,5.54
2023-02-28,19.18,30.74,10.47,0.0,50.33,1.05,41.4
2023-03-01,21.64,31.07,12.99,0.0,31.14,1.18,1.55
2023-03-02,21.26,32.39,13.52,0.0,31.6,3.13,4.11
2023-03-03,18.09,27.29,11.4,0.0,61.16,1.97,18.01
2023-03-04,19.88,29.96,11.07,0.0,49.6,1.79,11.25
2023-03-05,21.14,32.65,13.18,0.0,39.81,4.19,1.75
2023-03-06,15.84,23.15,10.2,0.0,66.11,2.64,18.4
2023-03-07,15.02,22.45,9.66,0.0,65.4,2.36,67.76
2023-03-08,14.64,22.44,8.34,0.0,63.16,1.95,10.48
2023-03-09,17.32,25.64,9.95,0.0,45.38,2.3,12.28
2023-03-10,18.93,27.8,11.07,0.0,37.93,2.34,0.28
2023-03-11,18.65,27.16,11.96,0.0,58.23,1.46,22.1
2023-03-12,19.21,28.28,12.34,0.0,43.63,2.95,3.62
2023-03-13,18.46,26.86,12.45,0.11,54.68,3.67,52.12
2023-03-14,14.65,20.26,10.15,3.79,74.77,2.68,59.24
2023-03-15,14.51,21.63,8.74,0.06,59.68,2.24,18.98
2023-03-16,16.62,25.4,8.33,0.0,37.16,2.87,5.48
2023-03-17,16.7,25.13,9.75,0.01,47.19,2.83,16.63
2023-03-18,14.87,21.08,10.48,0.1,64.91,3.17,32.75
2023-03-19,14.09,20.87,8.31,0.18,67.76,3.53,34.79
2023-03-20,14.73,21.9,9.74,0.42,68.97,3.6,54.7
2023-03-21,16.28,23.76,10.84,0.03,63.17,1.67,83.42
2023-03-22,18.3,25.93,10.33,0.0,50.08,1.63,87.67
2023-03-23,21.07,28.68,15.84,0.03,39.97,1.3,90.17
2023-03-24,21.52,30.29,14.97,0.17,39.88,2.82,81.7
2023-03-25,18.3,23.98,12.76,0.96,71.95,4.32,62.88
2023-03-26,16.47,24.29,9.44,0.04,64.66,2.45,32.39
2023-03-27,18.32,27.49,10.26,0.0,56.19,2.43,24.4
2023-03-28,19.7,29.59,10.71,0.01,53.33,2.1,4.66
2023-03-29,16.68,24.57,10.47,0.02,60.73,3.77,32.72
2023-03-30,14.09,21.06,9.13,0.01,52.44,4.44,45.39
2023-03-31,14.26,22.19,6.97,0.05,56.7,2.97,41.78
2023-04-01,15.82,23.81,8.64,0.0,53.7,1.55,3.91
2023-04-02,18.6,27.81,10.2,0.0,39.24,1.82,2.55
2023-04-03,20.6,31.11,11.17,0.0,33.75,2.09,2.15
2023-04-04,21.31,31.56,13.17,0.0,27.98,3.74,4.83
2023-04-05,18.75,26.27,12.62,0.0,46.24,2.14,53.55
2023-04-06,18.67,27.2,10.34,0.0,50.35,1.86,21.29
2023-04-07,23.15,33.8,15.18,0.0,34.44,3.75,75.36
2023-04-08,23.91,34.16,15.77,0.0,49.16,1.58,72.1
2023-04-09,23.69,30.97,17.17,0.0,48.55,2.85,96.24
2023-04-10,22.05,29.91,14.84,0.0,56.05,4.12,54.06
2023-04-11,17.73,23.63,12.5,1.22,57.22,3.34,63.76
2023-04-12,14.59,19.8,10.29,1.88,66.16,4.13,55.73
2023-04-13,17.05,25.07,9.64,0.0,54.68,3.37,17.28
2023-04-14,20.0,28.16,11.3,0.0,49.79,1.42,28.31
2023-04-15,21.73,30.48,13.83,0.0,45.6,3.12,32.6
2023-04-16,21.2,31.43,11.47,0.0,44.73,1.96,20.09
2023-04-17,24.36,34.62,13.75,0.0,33.4,1.95,7.71
2023-04-18,27.04,36.59,19.37,0.0,25.27,2.26,38.38
2023-04-19,24.86,35.82,17.8,0.0,45.91,3.11,66.26
2023-04-20,20.4,27.95,13.84,0.0,52.89,3.57,29.64
2023-04-21,20.1,27.66,12.04,0.0,52.66,2.61,39.28
2023-04-22,21.81,30.73,13.15,0.0,47.22,3.5,43.02
2023-04-23,22.01,30.78,14.2,0.0,42.89,3.34,77.73
2023-04-24,22.62,31.9,13.69,0.0,43.38,3.59,3.91
2023-04-25,23.02,31.42,14.3,0.0,40.57,2.57,3.21
2023-04-26,24.3,32.61,16.34,0.0,34.14,2.46,17.1
2023-04-27,24.53,33.67,16.06,0.0,35.84,3.78,12.93
2023-04-28,20.37,27.36,14.68,0.0,54.03,3.73,40.58
2023-04-29,18.24,25.35,12.23,0.0,50.81,4.3,36.03
2023-04-30,18.54,26.16,10.83,0.0,48.41,2.74,33.1
2023-05-01,20.37,28.89,11.68,0.0,39.18,2.59,1.55
2023-05-02,22.05,31.47,13.09,0.24,44.55,3.54,1.16
2023-05-03,23.05,33.1,14.35,0.03,40.41,4.21,0.8
2023-05-04,26.12,36.93,15.28,0.15,37.22,3.33,24.78
2023-05-05,24.65,31.08,17.77,0.0,32.18,4.95,8.73
2023-05-06,22.82,30.02,16.03,0.0,50.01,3.95,31.58
2023-05-07,21.74,28.71,14.99,0.0,54.31,3.14,44.33
2023-05-08,21.61,28.54,14.87,0.0,52.69,2.75,45.67
2023-05-09,22.37,30.25,14.53,0.0,51.79,2.4,33.42
2023-05-10,24.09,33.32,15.16,0.0,45.54,2.63,37.44
2023-05-11,27.8,38.04,17.98,0.0,36.49,3.96,74.34
2023-05-12,24.63,32.93,17.87,0.05,49.53,4.6,17.09
2023-05-13,22.92,31.29,14.7,0.08,51.38,3.13,6.74
2023-05-14,23.38,32.91,14.48,0.07,47.59,3.33,51.98
2023-05-15,24.45,34.95,15.21,0.03,46.92,4.11,16.56
2023-05-16,26.92,37.7,16.34,0.01,43.39,2.06,51.12
2023-05-17,28.2,38.39,19.34,0.0,34.66,3.57,33.83
2023-05-18,23.11,31.28,15.93,0.0,50.69,3.86,31.4
2023-05-19,22.27,30.1,14.54,0.0,50.09,3.23,38.44
2023-05-20,23.8,32.23,15.21,0.0,47.55,2.5,15.56
2023-05-21,28.74,38.14,18.55,0.0,27.02,3.07,83.21
2023-05-22,25.93,33.76,19.31,0.0,37.06,4.64,14.29
2023-05-23,26.75,35.01,17.88,0.0,37.67,2.44,19.86
2023-05-24,26.76,34.53,19.11,0.0,39.16,2.97,11.06
2023-05-25,26.72,35.33,17.91,0.0,38.35,2.48,26.76
2023-05-26,27.04,34.15,20.85,0.0,38.5,3.29,88.34
2023-05-27,29.15,36.86,22.8,0.15,31.17,5.7,85.02
2023-05-28,26.87,33.33,21.43,0.0,42.78,4.8,39.62
2023-05-29,25.99,33.01,18.26,0.0,45.66,2.99,12.15
2023-05-30,27.66,34.81,19.87,0.0,41.72,3.0,30.65
2023-05-31,29.56,38.35,21.1,0.0,32.28,3.02,42.45
2023-06-01,31.35,41.87,24.9,0.38,31.39,5.08,85.46
2023-06-02,33.9,42.56,25.55,0.0,24.14,4.96,70.15
2023-06-03,28.56,36.21,22.44,0.0,42.68,3.27,33.87
2023-06-04,26.92,35.94,19.27,0.0,43.33,4.16,60.12
2023-06-05,26.21,34.78,18.58,0.0,39.49,3.91,25.98
2023-06-06,26.87,35.52,18.42,0.0,38.25,3.52,57.16
2023-06-07,29.98,38.35,20.9,0.01,36.42,3.05,51.84
2023-06-08,31.46,40.39,24.74,0.01,33.83,2.55,89.65
2023-06-09,31.49,39.14,24.76,0.0,31.55,4.83,51.9
2023-06-10,28.98,36.83,21.43,0.16,46.62,3.82,14.21
2023-06-11,28.96,36.47,21.68,0.0,33.66,2.84,19.38
2023-06-12,29.62,36.79,22.35,0.45,34.41,3.08,20.39
2023-06-13,31.59,40.47,23.4,0.03,37.18,3.07,44.14
2023-06-14,27.84,35.45,21.18,0.07,46.86,4.07,22.22
2023-06-15,28.31,36.76,19.83,0.0,44.38,3.27,11.05
2023-06-16,31.38,40.65,20.0,0.0,29.01,1.51,33.61
2023-06-17,30.02,37.63,24.13,0.0,39.41,3.57,23.06
2023-06-18,28.57,36.31,21.41,0.0,38.58,3.43,16.46
2023-06-19,26.74,34.07,19.72,0.0,46.03,3.51,35.83
2023-06-20,27.36,35.46,19.67,0.0,50.74,3.55,22.21
2023-06-21,28.37,36.8,20.2,0.0,49.04,3.81,27.38
2023-06-22,28.18,36.32,20.72,0.0,49.95,3.73,24.44
2023-06-23,29.92,38.88,20.15,0.0,43.71,3.25,3.84
2023-06-24,30.53,39.06,21.12,0.0,38.24,2.88,4.97
2023-06-25,29.34,38.23,20.98,0.0,34.72,3.61,1.81
2023-06-26,28.56,37.11,19.84,0.0,28.96,2.88,13.84
2023-06-27,29.48,37.82,21.4,0.0,41.05,3.29,3.85
2023-06-28,29.64,38.03,21.08,0.0,44.18,3.18,16.77
2023-06-29,29.47,37.59,21.37,0.0,43.33,3.53,4.12
2023-06-30,29.38,38.36,20.4,0.0,46.46,3.68,11.01
2023-07-01,29.33,38.4,21.6,0.0,45.83,4.56,18.35
2023-07-02,29.66,38.9,20.91,0.0,39.02,3.34,2.32
2023-07-03,31.39,41.27,20.49,0.0,32.22,2.89,12.25
2023-07-04,31.83,39.95,24.08,0.0,32.94,3.02,13.35
2023-07-05,29.06,36.9,21.87,0.0,47.52,3.37,17.16
2023-07-06,29.48,37.36,21.13,0.0,47.65,2.83,19.87
2023-07-07,30.43,38.88,22.28,0.0,44.12,3.57,8.09
2023-07-08,30.48,39.71,22.73,0.0,51.12,4.18,7.76
2023-07-09,29.39,38.33,22.03,0.0,52.37,4.79,25.55
2023-07-10,30.04,38.51,21.9,0.0,48.76,3.89,15.78
2023-07-11,30.42,38.53,23.11,0.0,46.7,4.09,21.76
2023-07-12,30.26,38.57,22.37,0.0,43.32,3.81,2.65
2023-07-13,30.57,40.54,20.63,0.0,37.2,3.13,3.42
2023-07-14,31.84,42.26,20.9,0.0,35.41,2.91,11.72
2023-07-15,31.9,40.94,21.82,0.0,34.0,2.4,29.01
2023-07-16,33.25,43.13,22.49,0.0,34.7,1.79,18.97
2023-07-17,33.51,42.13,24.16,0.0,34.94,2.43,18.03
2023-07-18,32.07,41.31,23.28,0.0,41.66,3.48,14.01
2023-07-19,31.27,40.07,22.61,0.0,42.99,2.75,10.69
2023-07-20,32.47,40.74,24.3,0.0,33.04,2.7,15.88
2023-07-21,31.99,40.23,24.01,0.0,30.82,2.91,14.14
2023-07-22,32.77,42.84,22.34,0.0,34.49,2.8,2.35
2023-07-23,33.87,43.25,24.11,0.0,39.68,3.18,19.62
2023-07-24,33.83,43.27,24.21,0.0,42.58,3.45,15.19
2023-07-25,32.68,41.57,23.66,0.0,42.64,3.02,2.22
2023-07-26,33.61,42.32,24.51,0.0,40.78,2.94,15.45
2023-07-27,34.96,43.54,26.48,0.0,29.77,2.77,32.3
2023-07-28,33.82,43.89,24.1,0.0,36.87,2.8,2.96
2023-07-29,30.65,39.8,23.41,0.0,41.69,3.96,7.84
2023-07-30,29.75,38.93,21.86,0.0,45.39,3.67,3.17
2023-07-31,30.41,39.59,21.45,0.0,46.62,2.66,3.45
2023-08-01,30.94,38.97,22.6,0.0,40.14,2.55,13.36
2023-08-02,31.95,40.27,23.35,0.0,34.52,2.68,20.31
2023-08-03,31.2,39.13,22.69,0.0,36.08,2.51,19.51
2023-08-04,31.43,40.7,22.53,0.0,35.23,2.91,13.71
2023-08-05,32.48,41.1,23.95,0.0,25.24,2.49,4.13
2023-08-06,35.05,43.53,27.51,0.0,22.56,2.34,3.91
2023-08-07,33.39,42.69,25.24,0.0,36.96,3.24,7.35
2023-08-08,30.71,38.66,24.33,0.0,46.26,3.39,31.18
2023-08-09,29.58,37.32,22.53,0.0,46.99,2.56,26.62
2023-08-10,30.09,38.57,22.71,0.0,48.32,3.33,18.11
2023-08-11,29.91,38.15,22.56,0.0,52.11,3.99,28.17
2023-08-12,29.92,38.63,23.68,0.0,50.7,4.39,40.73
2023-08-13,30.15,38.6,23.6,0.0,52.21,4.18,42.66
2023-08-14,30.05,38.87,22.94,0.0,51.1,3.92,12.87
2023-08-15,29.8,38.48,22.63,0.0,51.58,4.06,19.74
2023-08-16,29.71,38.45,23.16,0.0,53.53,4.24,23.88
2023-08-17,30.47,39.65,22.26,0.0,50.04,3.49,24.35
2023-08-18,30.68,38.72,23.04,0.0,46.52,2.43,27.01
2023-08-19,30.27,39.2,22.41,0.0,45.07,3.19,19.88
2023-08-20,29.8,38.4,21.68,0.0,47.86,3.2,20.93
2023-08-21,29.99,38.39,23.38,0.0,50.36,3.25,23.08
2023-08-22,30.2,39.1,22.19,0.0,48.4,3.0,10.06
2023-08-23,30.28,39.32,22.06,0.0,44.13,2.94,16.1
2023-08-24,30.28,40.87,20.66,0.0,51.55,3.31,16.15
2023-08-25,31.07,41.12,22.13,0.0,49.31,3.48,19.21
2023-08-26,31.7,41.22,22.47,0.0,47.37,3.68,15.72
2023-08-27,32.22,40.17,24.22,0.0,40.04,3.01,15.39
2023-08-28,30.87,38.45,24.4,0.0,42.27,2.93,10.33
2023-08-29,29.66,38.16,22.56,0.0,47.11,2.92,24.36
2023-08-30,30.83,40.37,21.62,0.0,44.94,2.49,11.83
2023-08-31,31.96,41.46,23.32,0.0,43.09,3.3,14.93
2023-09-01,30.02,38.37,23.97,0.0,49.77,3.87,5.47
2023-09-02,29.43,38.74,21.62,0.0,52.36,3.84,2.56
2023-09-03,28.91,36.59,22.08,0.0,52.06,3.41,20.19
2023-09-04,28.34,35.25,21.9,0.0,50.08,1.9,15.91
2023-09-05,30.44,38.06,22.88,0.0,38.63,1.8,3.45
2023-09-06,31.84,40.08,23.98,0.0,29.64,1.76,1.32
2023-09-07,34.25,43.49,25.16,0.0,23.51,1.74,0.86
2023-09-08,32.67,41.29,25.25,0.0,30.01,2.8,5.66
2023-09-09,31.68,39.25,25.42,0.0,36.77,2.47,5.98
2023-09-10,31.85,39.25,25.18,0.0,36.52,2.29,3.44
2023-09-11,31.78,38.66,26.49,0.0,34.46,3.86,19.1
2023-09-12,29.85,36.11,26.13,0.0,46.9,4.19,50.78
2023-09-13,28.97,35.84,23.55,0.0,50.24,3.94,8.38
2023-09-14,27.86,36.01,20.15,0.0,51.66,3.0,6.87
2023-09-15,28.17,36.44,20.76,0.0,48.7,3.04,9.51
2023-09-16,27.62,35.89,19.82,0.0,45.59,2.52,4.52
2023-09-17,29.01,38.58,20.19,0.0,48.5,2.72,2.34
2023-09-18,28.39,36.71,21.66,0.0,54.32,3.27,11.71
2023-09-19,27.76,35.18,20.87,0.0,54.54,2.74,12.57
2023-09-20,27.81,35.24,20.75,0.0,52.75,2.94,10.13
2023-09-21,28.66,36.73,20.77,0.0,54.12,2.94,9.68
2023-09-22,29.22,37.46,21.45,0.0,50.46,2.34,8.45
2023-09-23,28.54,37.38,20.22,0.0,50.38,2.6,1.62
2023-09-24,29.43,38.81,20.93,0.0,47.06,2.36,3.05
2023-09-25,29.03,38.0,20.52,0.0,44.39,1.93,18.57
2023-09-26,28.71,37.29,20.47,0.0,46.62,2.58,21.91
2023-09-27,29.32,38.7,20.62,0.0,37.64,2.79,10.32
2023-09-28,29.91,39.92,21.15,0.01,41.52,3.6,1.24
2023-09-29,29.91,38.61,22.69,0.02,48.63,3.35,5.23
2023-09-30,29.27,36.73,22.72,0.0,51.0,3.42,57.55
2023-10-01,26.59,30.7,23.38,0.0,53.25,3.11,92.06
2023-10-02,24.37,27.81,21.37,0.01,57.18,2.22,89.12
2023-10-03,25.42,32.14,19.17,0.0,52.05,2.46,69.19
2023-10-04,25.64,30.85,20.85,0.15,53.31,1.97,88.8
2023-10-05,27.29,34.64,20.92,0.0,54.79,3.3,43.46
2023-10-06,26.61,33.47,20.78,0.0,55.15,3.46,24.85
2023-10-07,25.66,32.05,19.41,0.0,53.66,2.9,48.67
2023-10-08,26.13,32.72,20.03,0.0,51.3,2.67,66.41
2023-10-09,26.46,33.31,20.67,0.0,56.57,3.36,41.23
2023-10-10,24.93,31.52,19.36,0.0,57.12,3.22,14.19
2023-10-11,24.74,31.98,18.46,0.0,56.2,2.99,40.3
2023-10-12,24.91,32.01,18.37,0.0,59.06,2.71,7.61
2023-10-13,25.34,31.9,19.32,0.03,61.98,3.01,11.62
2023-10-14,24.24,30.62,18.36,0.01,56.56,1.92,12.67
2023-10-15,24.0,30.23,19.76,0.0,52.05,2.38,7.12
2023-10-16,23.44,30.3,17.18,0.0,59.03,2.69,15.36
2023-10-17,23.66,30.05,17.98,0.0,58.61,2.24,19.73
2023-10-18,23.65,30.86,17.47,0.0,58.52,2.76,15.73
2023-10-19,24.12,31.74,17.92,0.0,54.84,2.3,6.22
2023-10-20,24.61,32.47,18.02,0.0,43.11,1.74,2.07
2023-10-21,23.89,31.18,17.92,0.0,55.0,2.65,5.75
2023-10-22,24.26,32.05,17.83,0.0,65.48,2.82,5.86
2023-10-23,24.86,32.75,19.34,0.0,64.28,3.04,8.97
2023-10-24,24.91,33.19,19.1,0.0,64.27,3.59,6.34
2023-10-25,25.61,34.59,18.25,0.0,60.02,3.23,13.66
2023-10-26,26.93,35.81,20.2,0.0,49.26,2.3,49.55
2023-10-27,25.8,33.16,20.3,0.0,56.58,1.73,57.95
2023-10-28,25.63,33.51,19.19,8.9,64.5,1.45,3.98
2023-10-29,25.28,32.06,20.46,11.9,71.83,2.22,12.06
2023-10-30,25.02,31.74,20.34,20.43,71.69,1.83,16.97
2023-10-31,24.02,30.03,19.73,11.63,74.02,2.14,36.93
2023-11-01,23.71,30.04,18.69,2.21,72.76,2.15,11.57
2023-11-02,22.83,29.56,18.34,2.1,69.82,2.27,11.35
2023-11-03,22.86,31.5,17.44,0.0,63.09,2.06,15.3
2023-11-04,23.23,31.87,16.54,0.0,52.77,1.87,1.97
2023-11-05,22.74,31.66,16.38,0.0,60.15,2.0,20.0
2023-11-06,22.6,31.79,15.68,0.0,59.33,1.66,13.21
2023-11-07,21.92,30.28,15.64,0.0,66.32,2.35,21.35
2023-11-08,21.69,29.01,16.19,0.0,75.13,2.42,13.42
2023-11-09,21.63,28.99,16.31,0.0,74.49,2.75,33.26
2023-11-10,21.35,28.11,16.83,0.0,73.46,3.04,59.29
2023-11-11,21.5,26.28,17.66,0.1,76.6,2.15,88.76
2023-11-12,23.0,29.04,18.57,0.33,70.73,1.36,75.2
2023-11-13,23.15,30.29,17.88,0.07,71.26,1.9,27.86
2023-11-14,20.88,26.27,16.78,0.05,71.42,3.49,21.93
2023-11-15,20.63,26.15,15.55,0.04,66.72,2.53,23.81
2023-11-16,20.03,26.18,15.15,0.02,72.08,1.36,5.57
2023-11-17,21.04,27.13,16.52,0.05,74.93,1.31,13.71
2023-11-18,20.35,26.76,16.51,0.0,67.48,2.23,19.08
2023-11-19,18.29,22.84,14.77,0.32,61.22,5.03,45.54
2023-11-20,16.95,21.89,13.76,0.04,62.39,2.77,41.86
2023-11-21,17.55,23.63,13.67,0.0,64.86,1.29,11.65
2023-11-22,16.53,24.31,12.61,0.17,70.08,1.95,48.32
2023-11-23,17.61,24.64,11.73,0.0,51.22,1.59,2.25
2023-11-24,17.48,24.91,11.75,0.0,49.44,1.88,19.44
2023-11-25,18.18,25.51,13.52,0.0,41.09,4.11,73.95
2023-11-26,16.29,23.01,11.05,0.0,53.65,4.31,6.38
2023-11-27,15.67,21.3,11.22,0.0,60.26,3.12,38.65
2023-11-28,15.09,20.64,10.05,0.0,59.84,1.78,52.36
2023-11-29,15.83,23.71,9.75,0.0,64.96,2.08,20.69
2023-11-30,16.93,24.69,10.95,0.01,75.14,1.97,13.15
2023-12-01,18.25,26.88,12.17,0.02,77.25,2.99,13.37
2023-12-02,17.62,24.61,13.63,0.0,78.32,3.95,18.47
2023-12-03,18.77,26.99,13.61,0.0,70.99,2.39,78.4
2023-12-04,18.48,25.71,14.07,0.0,63.84,1.53,40.81
2023-12-05,17.75,23.84,13.8,0.0,75.0,1.32,24.57
2023-12-06,16.18,22.69,11.67,0.0,68.44,1.89,7.38
2023-12-07,15.54,21.4,10.95,0.0,56.74,1.35,53.05
2023-12-08,14.77,20.27,11.69,0.0,60.54,1.95,72.33
2023-12-09,14.58,21.24,9.01,0.0,61.76,2.56,42.07
2023-12-10,15.84,23.33,9.33,0.0,54.68,1.68,46.46
2023-12-11,15.92,23.52,10.35,0.0,46.06,1.91,32.9
2023-12-12,14.16,21.6,8.09,0.74,66.78,2.1,9.31
2023-12-13,15.65,20.19,12.62,14.47,84.6,2.29,54.14
2023-12-14,17.1,22.42,12.57,1.6,74.31,0.75,23.26
2023-12-15,17.97,25.29,12.11,0.0,63.28,1.02,5.17
2023-12-16,17.22,24.84,11.53,0.0,59.23,2.07,15.54
2023-12-17,16.89,23.97,11.68,0.0,76.97,2.66,55.46
2023-12-18,17.93,23.43,13.74,0.0,77.0,3.46,30.64
2023-12-19,16.04,22.3,11.54,0.0,77.94,3.17,17.49
2023-12-20,14.51,19.38,10.46,0.0,83.22,1.55,95.53
2023-12-21,13.73,19.58,10.34,0.0,77.23,3.8,63.34
2023-12-22,13.45,20.0,8.04,0.0,63.26,4.28,4.91
2023-12-23,14.79,20.73,9.69,0.02,71.8,4.06,25.18
2023-12-24,16.3,21.74,12.25,0.17,70.47,2.26,58.23
2023-12-25,16.17,22.16,12.25,0.12,77.86,1.47,19.0
2023-12-26,15.73,22.09,10.62,0.02,81.04,2.84,11.52
2023-12-27,15.97,21.62,11.83,1.04,79.66,3.07,27.33
2023-12-28,16.3,21.23,12.97,5.97,83.54,3.33,46.58
2023-12-29,16.42,21.91,12.7,0.79,81.05,3.17,14.25
2023-12-30,16.1,22.57,10.42,0.5,78.26,2.28,35.91
2023-12-31,15.29,20.71,11.36,0.61,81.21,2.07,14.41
2024-01-01,14.91,20.61,9.47,0.01,77.14,1.56,23.9
2024-01-02,15.59,21.62,10.28,0.0,76.89,2.25,12.31
2024-01-03,14.39,20.92,10.22,0.0,76.49,1.51,14.32
2024-01-04,14.18,21.03,9.94,0.0,74.78,1.51,8.54
2024-01-05,13.86,21.08,8.51,0.0,67.17,1.23,19.41
2024-01-06,15.4,22.51,10.75,0.01,72.87,1.59,15.14
2024-01-07,14.6,22.89,9.36,0.0,62.53,2.52,28.8
2024-01-08,13.45,21.88,7.03,0.0,47.37,1.87,40.63
2024-01-09,10.95,19.41,4.86,0.0,49.07,2.1,22.09
2024-01-10,11.74,19.63,4.36,0.01,58.25,2.71,20.98
2024-01-11,13.03,17.77,8.8,0.29,73.91,2.3,59.6
2024-01-12,12.28,18.4,8.16,0.02,61.59,2.4,22.03
2024-01-13,12.1,19.96,6.87,0.02,57.33,3.58,18.82
2024-01-14,12.28,18.64,7.95,0.25,74.04,1.73,51.86
2024-01-15,11.71,18.77,6.53,0.01,69.75,1.4,5.51
2024-01-16,11.99,18.43,5.54,0.0,52.93,1.63,12.17
2024-01-17,13.8,21.06,8.79,0.0,44.82,1.38,30.9
2024-01-18,14.62,21.96,9.6,0.0,45.04,0.79,6.29
2024-01-19,15.49,22.6,9.36,0.0,47.82,0.99,5.35
2024-01-20,16.45,24.06,10.88,0.0,49.71,1.15,44.88
2024-01-21,16.35,25.25,11.61,0.0,38.44,2.61,39.25
2024-01-22,14.28,22.37,7.87,0.05,59.9,3.05,14.73
2024-01-23,14.53,19.56,10.45,0.08,68.44,2.94,41.87
2024-01-24,12.49,16.87,9.33,0.2,66.65,2.28,48.73
2024-01-25,11.91,16.22,8.23,0.52,77.73,2.13,55.69
2024-01-26,13.11,18.54,8.11,0.76,72.21,3.55,43.81
2024-01-27,13.18,18.44,9.76,0.4,68.3,2.78,49.01
2024-01-28,12.19,16.75,9.02,0.46,69.61,1.5,75.64
2024-01-29,11.17,17.25,6.58,0.71,74.54,2.72,45.28
2024-01-30,9.4,15.3,4.39,0.03,66.9,3.36,33.17
2024-01-31,8.49,15.78,3.32,42.54,71.86,2.61,34.01
2024-02-01,8.91,15.62,4.44,1.96,78.52,2.81,33.89
2024-02-02,10.76,14.33,8.11,31.46,84.27,2.37,42.42
2024-02-03,9.73,17.36,3.61,0.0,67.28,1.95,8.86
2024-02-04,10.23,16.93,4.58,0.25,69.73,1.59,34.81
2024-02-05,11.23,17.51,5.62,0.02,80.63,1.89,37.22
2024-02-06,12.53,20.27,6.73,0.02,76.55,1.6,8.93
2024-02-07,13.46,21.31,8.75,0.06,75.36,1.18,14.48
2024-02-08,13.08,21.62,6.51,0.01,70.5,1.63,34.71
2024-02-09,13.34,20.58,8.93,0.0,70.58,1.51,7.88
2024-02-10,13.56,20.81,7.78,0.0,72.78,1.39,6.93
2024-02-11,13.97,22.16,7.83,0.03,70.31,2.03,40.36
2024-02-12,14.13,20.69,9.46,0.0,54.01,2.53,98.87
2024-02-13,14.8,21.48,10.02,0.01,55.71,3.43,69.36
2024-02-14,12.68,18.88,7.01,0.04,73.46,2.19,61.05
2024-02-15,12.21,17.32,8.45,1.06,72.67,2.83,69.0
2024-02-16,12.35,18.7,8.34,0.27,72.53,3.49,46.62
2024-02-17,12.33,19.03,6.61,0.08,71.89,2.7,27.79
2024-02-18,13.42,19.27,8.71,0.03,74.31,1.73,28.19
2024-02-19,12.78,19.89,7.45,0.03,73.29,2.39,31.25
2024-02-20,12.98,19.97,7.22,0.0,69.89,1.49,19.46
2024-02-21,13.63,20.66,8.71,0.01,69.41,2.32,20.75
2024-02-22,13.38,21.67,6.61,0.02,71.3,2.67,34.35
2024-02-23,13.22,18.53,9.48,0.1,80.54,2.55,99.89
2024-02-24,15.37,23.48,9.92,0.16,70.59,2.27,51.92
2024-02-25,14.86,23.13,8.14,0.04,67.46,1.8,3.62
2024-02-26,15.96,25.0,9.08,0.0,57.43,2.24,15.31
2024-02-27,14.49,21.3,8.33,0.0,73.68,2.56,27.14
2024-02-28,15.25,23.62,8.39,0.0,69.24,2.57,10.57
2024-02-29,17.37,27.83,8.82,0.0,57.5,2.3,2.72
2024-03-01,20.73,29.12,13.14,0.0,37.51,2.06,55.79
2024-03-02,16.1,24.27,9.91,0.0,59.3,2.92,8.02
2024-03-03,14.82,22.32,8.9,0.0,72.25,2.25,24.25
2024-03-04,14.9,22.86,8.38,0.0,66.86,1.54,6.37
2024-03-05,17.41,26.7,9.06,0.0,55.36,1.44,1.05
2024-03-06,15.62,23.2,9.78,0.0,67.01,2.55,26.26
2024-03-07,15.14,22.26,9.29,0.0,69.86,1.97,40.1
2024-03-08,15.03,22.75,8.53,0.0,65.83,2.04,44.03
2024-03-09,14.94,22.51,8.91,0.0,64.87,1.97,29.21
2024-03-10,14.99,23.19,8.87,0.0,65.04,3.07,4.32
2024-03-11,14.9,24.29,7.21,0.0,64.05,2.89,1.32
2024-03-12,17.2,28.72,7.73,0.0,55.74,1.8,2.21
2024-03-13,16.93,26.19,9.32,0.0,59.42,1.78,25.33
2024-03-14,15.97,24.0,10.38,0.0,63.41,2.1,28.26
2024-03-15,15.47,23.32,8.2,0.0,62.59,1.91,26.87
2024-03-16,15.85,22.35,10.06,0.0,64.22,2.34,93.39
2024-03-17,17.25,25.94,10.16,0.0,64.86,3.57,72.28
2024-03-18,14.67,20.36,10.46,1.25,71.21,3.23,48.83
2024-03-19,14.74,21.8,9.25,0.07,64.99,3.39,33.02
2024-03-20,16.98,24.84,9.03,0.0,52.28,2.44,0.73
2024-03-21,17.32,26.33,10.53,0.05,49.49,3.38,11.95
2024-03-22,14.22,22.37,7.02,0.0,59.42,2.69,29.66
2024-03-23,14.78,22.19,7.67,0.0,56.8,1.91,42.57
2024-03-24,12.81,16.03,8.35,4.02,73.8,2.47,65.42
2024-03-25,14.32,22.21,6.74,0.0,55.41,1.83,13.87
2024-03-26,18.49,26.99,9.29,0.0,37.84,1.87,41.28
2024-03-27,22.76,31.21,13.38,0.0,30.19,1.68,32.93
2024-03-28,21.3,28.65,14.86,0.02,36.91,2.1,78.04
2024-03-29,20.15,27.2,14.39,0.53,65.5,2.78,40.32
2024-03-30,20.48,30.09,12.4,0.38,61.87,2.81,25.97
2024-03-31,23.09,32.58,14.56,0.05,57.21,3.69,35.47
2024-04-01,23.84,32.73,16.78,0.0,52.08,3.7,42.94
2024-04-02,22.82,32.67,14.64,0.0,51.7,3.41,2.66
2024-04-03,22.2,32.45,12.69,0.0,50.72,2.3,8.04
2024-04-04,22.63,32.92,13.36,0.0,41.53,2.32,9.63
2024-04-05,20.62,30.44,12.7,0.0,53.39,2.65,18.39
2024-04-06,18.76,27.86,11.12,0.0,58.48,3.06,16.88
2024-04-07,18.49,26.66,11.33,0.06,59.7,3.31,36.05
2024-04-08,18.24,24.9,12.08,0.3,63.25,2.5,50.87
2024-04-09,17.99,24.71,11.4,0.08,61.08,3.15,31.45
2024-04-10,18.76,26.14,11.66,0.0,58.76,2.02,18.75
2024-04-11,20.5,28.57,13.29,0.0,52.45,1.81,3.55
2024-04-12,20.64,29.07,12.61,0.01,53.35,2.27,16.59
2024-04-13,21.1,30.06,12.88,0.19,58.91,2.96,36.43
2024-04-14,21.31,30.02,14.51,0.36,60.4,3.33,30.98
2024-04-15,21.88,30.58,14.87,0.22,55.26,3.52,29.46
2024-04-16,22.26,31.49,13.06,0.0,51.87,2.61,14.7
2024-04-17,26.22,36.71,16.26,0.0,34.2,3.23,15.54
2024-04-18,23.59,30.68,16.85,0.0,47.46,2.54,54.69
2024-04-19,21.82,29.9,14.68,0.0,53.67,2.16,17.03
2024-04-20,23.13,33.74,13.64,0.0,50.22,3.16,23.59
2024-04-21,21.49,30.31,13.97,0.0,48.44,2.54,3.63
2024-04-22,23.21,33.46,13.91,0.0,40.35,3.64,26.89
2024-04-23,27.56,37.98,18.2,0.0,25.94,3.66,51.79
2024-04-24,30.84,41.63,21.85,0.0,21.1,1.97,65.86
2024-04-25,26.74,33.86,20.02,0.0,32.47,2.69,99.48
2024-04-26,23.36,31.39,17.22,0.0,49.07,4.46,62.42
2024-04-27,22.46,31.31,15.05,0.0,49.89,3.71,22.35
2024-04-28,22.62,32.39,14.42,0.0,50.68,3.53,19.5
2024-04-29,21.91,31.36,13.84,0.0,52.73,3.46,10.79
2024-04-30,21.97,31.2,14.69,0.0,55.24,3.64,34.65
2024-05-01,23.74,32.39,16.85,0.0,53.67,3.55,13.09
2024-05-02,23.3,32.19,15.19,0.0,50.3,2.99,30.11
2024-05-03,24.42,33.11,17.13,0.0,42.02,3.29,11.08
2024-05-04,23.28,32.12,15.11,0.0,53.56,3.21,45.29
2024-05-05,21.57,28.6,16.2,0.0,52.35,3.75,39.41
2024-05-06,20.95,28.39,14.04,0.0,54.32,3.36,51.14
2024-05-07,21.14,29.5,12.75,0.0,45.83,2.31,9.11
2024-05-08,22.35,31.3,13.37,0.0,38.58,2.82,7.16
2024-05-09,26.75,36.78,14.72,0.0,31.88,1.58,4.74
2024-05-10,28.19,37.29,21.67,0.0,18.26,3.36,80.6
2024-05-11,24.41,31.78,18.19,0.0,44.12,3.22,25.81
2024-05-12,22.91,30.22,16.43,0.0,54.18,3.68,49.95
2024-05-13,21.43,29.23,14.91,0.0,53.18,3.75,21.15
2024-05-14,22.06,30.68,13.67,0.0,47.15,3.51,10.58
2024-05-15,22.86,31.68,13.92,0.0,45.02,3.58,0.66
2024-05-16,24.86,34.39,15.22,0.0,39.08,3.65,1.54
2024-05-17,27.85,37.53,18.05,0.0,27.57,3.66,16.63
2024-05-18,31.17,40.82,22.36,0.0,21.76,2.86,45.72
2024-05-19,30.74,39.27,22.94,0.0,22.91,2.81,58.73
2024-05-20,32.68,42.58,23.48,0.0,22.22,3.28,49.69
2024-05-21,30.81,39.82,22.32,0.0,27.64,2.69,31.56
2024-05-22,31.13,40.47,21.37,0.0,26.56,2.92,16.7
2024-05-23,31.1,40.54,22.51,0.0,26.68,3.17,45.36
2024-05-24,25.73,34.19,18.24,0.0,43.1,3.83,2.05
2024-05-25,25.38,34.31,16.48,1.16,44.29,3.62,23.67
2024-05-26,28.81,37.72,18.67,0.0,28.45,1.62,59.24
2024-05-27,28.22,34.74,20.67,0.0,35.06,4.34,31.29
2024-05-28,25.66,33.62,18.26,0.0,45.18,3.23,33.92
2024-05-29,24.96,32.39,17.31,0.0,45.83,2.96,28.28
2024-05-30,25.16,32.5,17.43,0.0,41.78,2.94,28.41
2024-05-31,27.75,36.45,18.1,0.0,34.88,3.55,9.09
2024-06-01,30.5,39.07,21.56,0.0,23.79,3.1,17.48
2024-06-02,29.89,39.09,21.67,0.0,26.67,4.02,2.06
2024-06-03,28.92,39.19,18.36,0.0,35.92,3.52,2.89
2024-06-04,30.07,41.01,19.07,0.0,37.23,3.22,4.02
2024-06-05,31.25,42.33,19.85,0.0,35.84,3.04,4.15
2024-06-06,32.85,43.66,21.51,0.0,34.77,3.49,4.93
2024-06-07,33.93,44.09,23.22,0.0,33.73,2.36,3.85
2024-06-08,31.16,40.87,23.38,0.0,41.33,3.84,14.65
2024-06-09,28.86,37.54,20.29,0.0,44.24,3.66,13.65
2024-06-10,29.84,38.7,20.73,0.0,45.31,2.78,20.64
2024-06-11,30.23,38.93,21.22,0.0,36.17,2.94,3.77
2024-06-12,30.81,40.5,20.15,0.0,33.5,3.41,2.49
2024-06-13,32.61,43.26,21.91,0.0,34.58,4.14,6.98
2024-06-14,34.73,45.49,23.3,0.0,29.38,3.43,14.13
2024-06-15,34.82,45.27,24.71,0.0,35.0,3.59,23.91
2024-06-16,31.85,41.24,23.3,0.0,37.92,3.56,5.91
2024-06-17,29.77,37.9,21.59,0.0,41.82,3.11,3.82
2024-06-18,29.98,39.28,22.05,0.0,45.17,3.45,16.46
2024-06-19,30.07,39.89,20.58,0.0,42.26,3.22,10.15
2024-06-20,30.53,39.32,21.35,0.02,38.9,2.69,9.89
2024-06-21,31.65,39.74,23.97,0.01,36.69,2.92,4.66
2024-06-22,31.75,39.66,23.72,0.0,33.64,3.31,9.93
2024-06-23,32.16,41.16,22.98,0.0,35.76,3.07,1.4
2024-06-24,32.31,40.99,22.76,0.0,31.67,2.64,3.33
2024-06-25,31.91,40.06,23.66,0.0,32.54,3.19,7.02
2024-06-26,30.47,39.87,21.91,0.0,44.43,3.37,10.82
2024-06-27,31.53,42.28,21.24,0.0,43.59,3.07,25.92
2024-06-28,31.09,41.35,21.68,0.0,43.38,3.44,8.33
2024-06-29,29.95,38.19,23.34,0.0,49.22,3.73,15.94
2024-06-30,30.03,37.5,22.57,0.0,45.89,3.23,17.91
2024-07-01,30.86,39.27,23.97,0.0,45.76,3.62,9.31
2024-07-02,29.94,38.52,21.22,0.0,43.01,2.55,26.43
2024-07-03,31.16,39.36,23.0,0.0,26.52,1.47,17.65
2024-07-04,33.35,42.42,23.74,0.0,28.08,2.37,34.48
2024-07-05,31.48,39.27,24.54,0.0,40.78,3.9,4.68
2024-07-06,29.89,36.77,24.14,0.0,46.85,3.84,27.39
2024-07-07,30.53,38.94,23.1,0.0,47.32,3.71,11.06
2024-07-08,31.26,39.23,22.82,0.0,47.1,3.0,18.25
2024-07-09,32.45,40.64,23.72,0.0,43.48,2.74,20.48
2024-07-10,33.3,40.88,25.06,0.0,37.48,2.26,20.11
2024-07-11,34.1,41.61,26.33,0.0,39.05,2.64,4.92
2024-07-12,34.97,43.58,26.61,0.0,33.19,2.99,8.64
2024-07-13,32.63,40.22,25.74,0.0,35.44,3.36,4.39
2024-07-14,31.04,38.25,23.76,0.0,40.54,3.52,4.12
2024-07-15,31.13,39.1,23.19,0.0,46.36,3.25,10.14
2024-07-16,30.85,39.0,22.7,0.0,42.0,2.58,1.06
2024-07-17,31.3,39.67,23.05,0.0,42.67,2.54,2.71
2024-07-18,31.03,39.51,22.79,0.0,40.49,2.54,12.97
2024-07-19,31.56,40.09,22.73,0.0,41.64,2.6,12.08
2024-07-20,33.0,41.09,24.26,0.0,36.25,2.6,7.73
2024-07-21,33.57,41.75,25.31,0.0,39.23,2.63,1.43
2024-07-22,33.16,41.32,24.53,0.0,40.48,2.75,2.66
2024-07-23,32.41,40.75,25.03,0.0,37.22,3.08,12.69
2024-07-24,31.59,40.49,22.72,0.0,43.97,2.94,6.22
2024-07-25,33.82,42.63,25.21,0.0,34.1,2.77,18.52
2024-07-26,31.39,38.93,25.72,0.0,45.84,3.92,8.49
2024-07-27,30.53,38.56,23.31,0.0,45.99,3.13,24.04
2024-07-28,31.76,39.93,23.48,0.0,43.57,2.54,17.63
2024-07-29,31.54,39.25,23.98,0.0,40.82,2.94,13.51
2024-07-30,31.08,39.19,22.92,0.0,43.91,2.78,12.09
2024-07-31,31.83,39.93,24.01,0.0,41.94,2.26,2.03
2024-08-01,31.41,39.54,23.82,0.0,44.47,2.93,22.94
2024-08-02,31.21,38.76,23.51,0.0,42.7,2.69,13.95
2024-08-03,31.29,38.91,24.27,0.0,41.6,2.79,21.08
2024-08-04,31.0,38.88,23.62,0.01,39.69,2.73,5.56
2024-08-05,30.45,38.88,22.1,0.0,36.23,2.2,2.87
2024-08-06,30.76,39.29,22.62,0.0,40.1,2.47,12.88
2024-08-07,31.26,39.76,23.44,1.77,45.28,2.79,15.66
2024-08-08,31.44,39.75,23.43,0.0,39.49,2.48,16.15
2024-08-09,31.53,40.0,23.28,0.0,39.17,2.5,10.78
2024-08-10,31.08,39.93,23.06,0.0,39.28,3.0,6.35
2024-08-11,30.76,40.01,22.72,0.0,46.93,3.48,14.65
2024-08-12,30.54,38.73,22.44,0.0,44.74,2.67,13.61
2024-08-13,30.82,38.34,23.71,0.0,42.49,2.63,4.05
2024-08-14,30.6,39.19,23.07,0.0,44.91,3.24,18.85
2024-08-15,30.82,40.1,22.12,0.0,46.59,3.17,8.06
2024-08-16,30.44,39.37,21.95,0.0,52.24,3.49,9.74
2024-08-17,31.58,40.85,23.46,0.0,49.38,3.42,20.59
2024-08-18,30.8,39.57,23.1,0.0,50.09,2.46,14.54
2024-08-19,31.01,39.16,23.93,0.0,41.5,2.09,3.16
2024-08-20,30.97,40.71,22.18,0.0,38.91,2.62,10.99
2024-08-21,31.05,40.56,21.77,0.0,38.27,3.04,16.13
2024-08-22,31.27,39.35,22.97,0.0,49.73,3.18,12.98
2024-08-23,31.26,38.94,24.38,0.0,47.46,2.82,33.22
2024-08-24,30.71,38.39,23.75,0.0,49.65,2.98,24.51
2024-08-25,31.3,39.46,23.79,0.0,46.57,2.5,16.47
2024-08-26,32.17,40.4,24.02,0.0,39.37,2.42,23.73
2024-08-27,31.64,39.11,24.47,0.0,42.09,2.83,19.68
2024-08-28,31.11,39.41,23.65,0.0,41.54,3.07,58.47
2024-08-29,30.65,38.6,23.72,0.0,44.86,3.27,21.82
2024-08-30,29.95,38.27,22.46,0.0,42.62,3.12,16.45
2024-08-31,30.07,37.94,23.24,0.0,41.8,2.9,15.8
2024-09-01,29.99,37.51,22.77,0.0,49.09,2.72,5.39
2024-09-02,31.18,38.54,23.8,0.0,46.1,2.79,3.11
2024-09-03,30.85,37.79,24.04,0.0,45.61,3.13,5.94
2024-09-04,29.32,36.55,22.53,0.0,50.63,3.15,15.71
2024-09-05,29.2,36.57,22.58,0.0,51.25,3.0,19.58
2024-09-06,29.56,36.65,22.64,0.0,51.3,2.88,9.1
2024-09-07,30.15,37.45,23.05,0.0,47.98,2.4,4.76
2024-09-08,30.4,38.25,23.18,0.0,48.05,2.73,12.82
2024-09-09,29.51,36.71,22.45,0.0,49.16,2.41,14.88
2024-09-10,30.22,37.83,22.72,0.0,41.5,1.85,3.59
2024-09-11,32.35,40.26,23.65,0.0,33.96,1.67,20.45
2024-09-12,33.0,41.94,26.17,0.0,37.62,3.04,6.71
2024-09-13,29.93,37.31,24.41,0.0,50.23,3.93,10.87
2024-09-14,28.28,36.95,20.44,0.0,53.77,3.55,7.03
2024-09-15,28.87,37.18,21.75,0.0,59.28,3.46,11.7
2024-09-16,28.58,35.57,22.69,0.0,51.22,3.08,7.98
2024-09-17,28.48,35.37,22.55,0.0,45.58,2.6,21.79
2024-09-18,27.62,35.45,20.75,0.0,44.22,2.88,1.75
2024-09-19,29.88,38.46,21.37,0.0,36.9,2.31,17.83
2024-09-20,32.23,40.91,25.83,0.0,34.89,3.88,2.68
2024-09-21,27.92,34.14,22.74,0.0,51.62,3.08,15.2
2024-09-22,26.98,33.59,21.41,0.0,51.59,3.02,29.76
2024-09-23,26.34,33.29,20.56,0.0,50.04,2.94,30.85
2024-09-24,26.06,34.04,18.63,0.0,48.85,3.12,5.06
2024-09-25,26.24,34.26,19.31,0.0,57.05,3.83,5.73
2024-09-26,26.46,34.7,19.35,0.0,55.28,3.26,3.46
2024-09-27,26.6,35.02,19.09,0.0,53.29,2.56,4.65
2024-09-28,26.8,34.94,19.48,0.0,51.1,2.52,2.03
2024-09-29,26.24,34.3,19.43,0.0,54.17,2.93,2.84
2024-09-30,26.16,34.25,19.32,0.0,59.95,2.71,8.79
2024-10-01,25.69,32.56,19.69,0.0,54.94,2.98,25.77
2024-10-02,24.6,31.64,18.52,0.0,51.65,2.37,9.72
2024-10-03,24.52,32.02,18.24,0.0,51.68,2.59,2.5
2024-10-04,24.09,31.99,17.3,0.0,53.87,2.72,2.08
2024-10-05,24.23,32.43,17.14,0.0,57.19,2.77,3.23
2024-10-06,23.93,32.26,17.0,0.0,58.43,2.63,4.49
2024-10-07,25.11,34.34,16.94,0.0,56.95,2.69,12.85
2024-10-08,26.6,35.59,18.74,0.0,49.62,2.13,2.26
2024-10-09,27.18,35.46,19.94,0.0,47.79,2.7,3.16
2024-10-10,25.77,33.69,19.24,0.0,59.28,2.72,10.63
2024-10-11,25.69,34.52,17.83,0.0,55.08,2.01,2.0
2024-10-12,26.6,34.75,19.38,0.0,47.76,2.37,3.47
2024-10-13,26.61,35.71,18.78,0.0,56.27,2.44,1.83
2024-10-14,26.27,33.48,20.49,0.0,59.86,2.55,8.98
2024-10-15,25.07,31.51,19.99,0.0,54.94,2.43,6.95
2024-10-16,24.45,30.88,18.8,0.0,56.92,2.34,3.32
2024-10-17,24.62,31.02,18.79,0.0,60.28,2.51,15.34
2024-10-18,24.35,31.63,18.91,0.0,56.42,2.83,8.14
2024-10-19,23.27,30.47,16.99,0.0,52.76,2.49,7.9
2024-10-20,22.98,30.98,17.03,0.0,54.63,4.38,2.89
2024-10-21,23.25,31.28,17.68,0.0,51.85,4.73,9.16
2024-10-22,22.1,29.4,17.03,0.0,49.48,4.92,14.4
2024-10-23,21.43,28.46,16.71,0.0,45.49,5.38,9.16
2024-10-24,21.07,28.73,15.95,0.0,40.46,4.94,0.98
2024-10-25,20.75,29.18,14.86,0.0,41.57,4.07,3.08
2024-10-26,21.46,29.78,14.73,0.0,54.27,3.61,2.28
2024-10-27,22.44,30.87,16.01,0.0,54.11,3.91,4.89
2024-10-28,22.17,30.67,15.52,0.0,58.56,3.63,7.64
2024-10-29,21.07,28.08,15.57,0.0,60.55,3.18,5.33
2024-10-30,19.82,26.72,14.09,0.0,59.08,2.05,12.36
2024-10-31,19.37,26.38,13.1,0.0,60.82,2.15,20.36
2024-11-01,20.19,26.91,14.25,0.0,60.12,1.95,12.3
2024-11-02,20.17,26.99,14.58,0.01,59.23,2.01,24.57
2024-11-03,20.78,26.89,14.57,0.0,49.61,1.86,14.13
2024-11-04,21.06,27.17,15.89,0.0,53.45,2.43,26.63
2024-11-05,19.57,26.21,14.02,0.0,60.03,2.0,5.27
2024-11-06,20.62,28.06,14.15,0.0,65.0,2.88,13.92
2024-11-07,22.18,29.95,16.63,0.04,66.45,4.05,8.57
2024-11-08,21.47,28.3,16.91,0.12,66.9,3.35,36.98
2024-11-09,20.48,27.0,15.61,0.14,60.19,2.29,40.54
2024-11-10,18.57,24.07,14.49,0.01,61.37,2.99,26.85
2024-11-11,17.95,24.31,12.32,0.0,57.32,1.88,41.62
2024-11-12,18.95,26.21,12.58,0.0,70.7,2.73,21.14
2024-11-13,19.93,27.05,14.94,0.0,68.54,3.8,55.28
2024-11-14,19.34,26.75,13.28,0.0,70.16,3.24,33.32
2024-11-15,20.12,27.3,15.18,0.0,64.55,3.5,6.61
2024-11-16,19.07,26.88,13.28,0.0,59.67,1.68,1.64
2024-11-17,18.48,25.59,12.42,0.0,45.84,2.47,12.53
2024-11-18,17.99,24.56,12.13,0.23,66.59,2.43,31.11
2024-11-19,18.15,25.14,12.54,0.19,66.09,2.19,11.3
2024-11-20,18.67,25.57,12.97,0.03,55.85,1.77,2.43
2024-11-21,18.74,25.18,14.17,0.0,54.2,1.12,37.36
2024-11-22,20.13,28.43,14.5,0.0,40.81,1.47,20.04
2024-11-23,19.04,27.05,13.01,0.09,62.7,2.08,19.92
2024-11-24,16.81,22.88,13.35,0.49,62.6,4.02,45.7
2024-11-25,15.55,19.91,12.35,0.05,49.18,3.67,76.93
2024-11-26,14.44,19.49,10.24,0.15,53.11,2.81,51.82
2024-11-27,15.07,21.27,9.82,0.08,54.27,1.5,38.63
2024-11-28,15.64,22.8,10.28,0.0,64.64,1.67,21.25
2024-11-29,15.75,22.78,11.18,0.0,69.33,1.99,15.25
2024-11-30,15.65,23.03,10.38,0.1,71.2,2.8,18.11
2024-12-01,15.42,23.38,9.75,0.13,72.3,3.23,3.54
2024-12-02,15.41,22.97,9.93,0.02,71.78,2.62,13.08
2024-12-03,15.35,22.51,10.57,0.0,67.04,1.62,4.65
2024-12-04,14.98,22.19,9.22,0.0,62.58,2.08,11.75
2024-12-05,15.8,22.59,11.17,0.0,67.52,1.54,23.52
2024-12-06,16.51,23.79,11.55,0.0,67.5,1.5,61.17
2024-12-07,17.25,23.75,13.26,0.0,52.38,1.15,98.51
2024-12-08,16.27,23.7,10.71,0.0,40.13,1.63,12.56
2024-12-09,16.27,24.61,11.53,0.0,36.48,1.41,26.79
2024-12-10,15.47,24.1,9.09,0.0,67.36,2.5,78.34
2024-12-11,15.45,23.65,10.47,0.0,79.62,2.17,95.92
2024-12-12,16.23,21.22,13.01,0.03,81.78,3.07,69.58
2024-12-13,15.19,22.38,10.07,0.01,70.0,3.33,7.75
2024-12-14,15.0,21.8,9.99,0.0,60.43,3.26,25.95
2024-12-15,13.66,21.75,7.99,0.0,58.16,2.64,8.28
2024-12-16,13.63,21.79,7.02,0.0,65.62,2.16,26.24
2024-12-17,14.35,21.6,9.35,0.04,74.78,2.38,22.03
2024-12-18,14.47,22.06,8.76,0.03,74.97,2.54,29.45
2024-12-19,14.81,21.44,9.4,0.15,71.77,2.77,18.91
2024-12-20,14.26,21.04,9.84,0.1,75.71,2.84,32.29
2024-12-21,14.38,21.82,8.78,0.0,68.39,1.78,8.13
2024-12-22,14.5,21.75,8.65,0.0,48.5,1.22,37.03
2024-12-23,13.61,20.9,7.94,0.0,63.22,2.83,28.45
2024-12-24,12.13,19.76,6.24,0.0,61.8,2.67,1.9
2024-12-25,12.78,20.55,8.35,0.0,42.07,4.26,3.78
2024-12-26,9.92,15.32,5.16,0.0,45.48,2.7,27.39
2024-12-27,10.05,16.6,4.4,0.0,53.02,4.0,21.35
2024-12-28,11.4,18.75,5.33,0.0,66.89,3.43,7.09
2024-12-29,12.28,19.13,6.59,0.01,66.57,2.97,27.74
2024-12-30,12.29,17.75,7.49,0.13,68.77,2.55,23.81
2024-12-31,12.22,18.72,7.16,0.13,72.24,2.73,23.26
2025-01-01,12.9,20.31,7.23,0.01,71.96,2.13,11.77
2025-01-02,12.6,19.98,7.67,0.03,71.2,2.9,1.17
2025-01-03,13.11,20.53,7.29,0.02,64.17,2.87,20.52
2025-01-04,14.43,22.02,8.44,0.0,39.19,1.8,86.13
2025-01-05,14.36,20.33,10.38,0.01,48.95,3.03,46.1
2025-01-06,15.63,21.21,11.44,0.1,76.64,3.27,13.21
2025-01-07,14.82,21.55,10.23,0.06,70.21,2.21,25.26
2025-01-08,14.27,23.05,6.94,0.0,52.82,1.64,21.62
2025-01-09,14.94,22.65,8.89,0.0,48.58,1.63,6.61
2025-01-10,13.7,20.54,7.93,0.03,63.7,2.19,17.76
2025-01-11,13.96,21.11,8.3,0.01,73.38,2.18,31.71
2025-01-12,15.06,22.21,8.79,0.0,59.55,0.97,2.44
2025-01-13,15.69,24.04,11.1,0.0,49.32,1.09,2.49
2025-01-14,15.88,22.64,10.16,0.0,39.45,0.91,79.86
2025-01-15,14.95,22.18,10.26,0.0,44.26,1.59,90.96
2025-01-16,15.77,23.37,10.08,0.0,70.53,3.52,95.33
2025-01-17,15.77,21.85,11.59,0.0,75.5,3.61,85.4
2025-01-18,15.02,22.4,10.18,0.0,66.05,3.49,69.41
2025-01-19,13.52,19.12,9.45,0.0,70.04,2.2,87.05
2025-01-20,14.37,21.49,9.11,0.0,63.08,1.72,67.52
2025-01-21,16.06,24.82,10.17,0.03,46.19,2.02,62.74
2025-01-22,15.89,22.12,10.97,0.02,62.23,1.98,54.81
2025-01-23,14.48,20.83,9.45,0.0,70.79,2.13,17.92
2025-01-24,14.38,21.77,9.4,0.0,68.57,1.52,11.17
2025-01-25,14.69,22.49,9.14,0.0,59.33,1.54,45.89
2025-01-26,15.01,22.59,10.43,0.0,56.22,1.66,15.77
2025-01-27,14.43,21.69,8.41,0.03,67.99,2.1,17.69
2025-01-28,14.89,20.88,10.62,0.08,68.95,3.04,51.55
2025-01-29,14.47,22.2,8.45,0.0,64.91,2.81,24.59
2025-01-30,14.99,23.99,8.25,0.03,67.2,2.1,3.05
2025-01-31,14.1,21.95,7.87,0.0,67.78,2.42,23.42
2025-02-01,13.49,20.72,7.29,0.0,71.87,2.38,34.33
2025-02-02,13.94,22.08,8.77,0.0,64.57,2.61,82.02
2025-02-03,15.59,23.76,10.2,0.0,52.55,1.89,79.89
2025-02-04,14.26,21.79,8.47,0.0,71.21,1.96,37.1
2025-02-05,14.29,20.58,8.66,0.1,68.74,3.69,57.0
2025-02-06,13.15,18.3,9.78,0.02,48.54,4.79,86.27
2025-02-07,12.76,19.4,8.2,0.09,56.44,2.6,96.54
2025-02-08,11.55,18.32,5.94,0.06,56.57,1.85,89.37
2025-02-09,11.13,16.27,6.51,0.13,62.0,2.16,71.22
2025-02-10,11.98,18.51,6.43,0.02,64.66,2.36,46.53
2025-02-11,11.83,19.14,5.87,0.0,62.04,2.76,31.67
2025-02-12,11.61,18.86,6.3,0.0,62.55,3.0,29.75
2025-02-13,11.25,19.01,5.66,0.0,60.56,2.89,19.31
2025-02-14,11.91,20.44,5.86,0.0,58.33,2.95,21.16
2025-02-15,12.87,22.14,6.1,0.01,61.34,2.37,13.1
2025-02-16,13.6,21.97,6.88,0.0,60.4,1.56,18.65
2025-02-17,14.76,22.77,7.78,0.0,41.47,2.15,4.56
2025-02-18,14.49,23.31,7.0,0.0,38.66,2.05,35.88
2025-02-19,15.02,22.49,9.88,0.0,65.39,2.2,68.82
2025-02-20,12.9,18.97,8.31,0.37,72.92,2.76,45.97
2025-02-21,11.96,18.48,6.82,0.01,54.55,2.59,60.15
2025-02-22,11.33,17.94,6.15,0.01,53.19,3.3,50.89
2025-02-23,10.28,17.45,5.38,0.0,55.33,3.64,61.05
2025-02-24,9.27,15.36,3.82,0.17,63.63,2.82,51.44
2025-02-25,9.57,16.49,2.65,0.0,56.97,2.96,57.15
2025-02-26,11.61,18.47,6.22,0.0,57.2,2.98,54.0
2025-02-27,12.64,21.38,5.3,0.0,59.8,3.06,3.55
2025-02-28,13.12,21.53,6.2,0.0,61.12,2.16,12.12
2025-03-01,13.84,21.56,7.38,0.0,61.75,2.08,27.32
2025-03-02,14.54,23.4,7.23,1.0,63.08,2.62,37.16
2025-03-03,14.46,21.56,8.13,0.75,62.11,1.99,83.52
2025-03-04,14.23,20.46,8.19,2.09,68.74,2.36,56.88
2025-03-05,13.99,20.8,8.14,13.86,72.25,2.05,35.21
2025-03-06,14.34,20.54,9.1,14.4,76.0,1.65,28.62
2025-03-07,15.05,22.61,8.2,0.01,68.47,1.91,20.29
2025-03-08,15.7,23.53,9.0,0.01,62.24,1.53,61.27
2025-03-09,16.67,24.62,10.54,0.0,53.23,1.67,44.0
2025-03-10,17.53,25.82,10.62,0.0,49.4,2.39,5.81
2025-03-11,17.31,26.18,10.24,0.0,52.1,2.51,1.85
2025-03-12,18.33,29.22,9.43,0.0,58.35,2.28,9.71
2025-03-13,21.78,31.84,12.61,0.0,42.86,1.38,52.59
2025-03-14,23.69,32.91,16.09,0.0,34.39,1.95,22.29
2025-03-15,21.09,31.5,12.76,0.0,47.05,3.18,0.67
2025-03-16,22.97,34.68,13.73,0.0,53.2,2.75,3.62
2025-03-17,24.55,34.75,15.96,0.0,36.45,1.6,30.43
2025-03-18,20.86,29.51,13.83,0.04,56.47,2.89,15.68
2025-03-19,17.33,25.52,11.51,0.02,62.82,3.59,22.75
2025-03-20,14.24,20.59,9.74,0.01,49.24,5.12,86.05
2025-03-21,13.78,20.26,9.06,0.09,51.82,3.38,86.32
2025-03-22,13.93,20.67,8.85,0.01,55.43,2.64,51.47
2025-03-23,14.96,23.75,7.15,0.0,53.87,3.1,13.53
2025-03-24,16.88,26.94,8.53,0.0,54.09,4.33,1.54
2025-03-25,20.22,31.22,11.41,0.0,51.7,4.23,1.18
2025-03-26,22.57,33.84,13.31,0.0,45.17,3.21,46.73
2025-03-27,26.39,35.59,17.39,0.0,28.02,2.35,60.13
2025-03-28,23.12,32.76,14.35,0.0,37.43,3.63,66.02
2025-03-29,18.14,25.72,11.35,0.0,56.28,2.44,26.36
2025-03-30,20.09,27.46,11.55,0.0,41.63,1.6,1.26
2025-03-31,22.59,31.06,14.33,0.0,24.93,3.0,51.49
2025-04-01,21.63,28.34,15.07,0.0,32.35,2.89,69.98
2025-04-02,19.68,28.26,11.57,0.0,37.86,2.51,5.82
2025-04-03,19.72,28.04,12.04,0.0,49.02,2.56,16.89
2025-04-04,18.37,25.8,11.94,0.0,54.44,2.24,23.66
2025-04-05,20.59,29.31,11.36,0.0,46.05,1.76,2.53
2025-04-06,22.38,31.05,16.27,0.0,35.02,3.43,69.85
2025-04-07,22.21,29.74,13.12,0.01,45.3,1.45,70.77
2025-04-08,26.23,36.74,18.93,0.0,24.5,4.35,93.32
2025-04-09,20.84,28.42,15.19,0.18,59.24,4.15,65.31
2025-04-10,16.9,23.14,11.47,0.38,52.95,4.18,37.52
2025-04-11,15.29,22.2,8.83,0.02,57.22,3.28,47.44
2025-04-12,16.99,24.52,9.95,0.0,53.56,2.12,35.5
2025-04-13,16.38,22.15,10.44,0.41,56.15,3.28,45.08
2025-04-14,18.13,25.47,11.64,0.01,48.56,3.24,25.11
2025-04-15,18.43,27.51,9.92,0.0,49.48,2.17,74.18
2025-04-16,18.6,28.02,9.8,0.0,42.36,4.17,10.1
2025-04-17,20.89,31.4,11.34,0.0,47.93,4.28,30.1
2025-04-18,22.18,32.61,13.52,0.0,48.09,4.08,27.62
2025-04-19,22.72,33.78,12.09,0.0,42.21,3.01,8.28
2025-04-20,23.45,33.54,14.13,0.0,40.5,3.22,16.98
2025-04-21,27.21,37.06,16.36,0.0,30.58,1.73,52.61
2025-04-22,30.76,39.85,23.12,0.0,15.88,2.68,51.2
2025-04-23,26.84,34.79,19.68,0.0,33.77,3.53,93.83
2025-04-24,20.41,24.08,16.1,0.0,57.81,2.6,87.39
2025-04-25,21.47,29.11,14.46,0.0,50.03,2.64,20.85
2025-04-26,21.87,28.75,14.88,0.0,47.24,2.7,28.85
2025-04-27,22.29,29.99,15.09,0.0,46.27,3.16,27.56
2025-04-28,21.63,30.07,13.75,0.0,47.06,3.18,12.75
2025-04-29,23.14,31.65,14.1,0.0,44.62,3.01,41.87
2025-04-30,23.2,31.49,15.7,0.0,41.49,5.13,57.42
2025-05-01,20.88,28.06,13.45,0.0,47.08,2.69,21.66
2025-05-02,21.0,27.93,14.9,0.0,44.81,3.04,23.15
2025-05-03,20.28,26.27,14.33,0.01,56.12,2.88,58.34
2025-05-04,20.1,26.43,13.93,0.01,55.37,2.71,43.67
2025-05-05,21.98,29.96,13.97,0.0,42.67,1.93,9.19
2025-05-06,25.5,33.56,17.32,0.0,22.62,1.92,14.34
2025-05-07,26.63,36.0,17.33,0.0,26.64,3.56,10.44
2025-05-08,26.38,36.19,16.97,0.0,31.32,3.91,6.85
2025-05-09,28.16,38.18,18.29,0.0,33.7,3.85,12.79
2025-05-10,28.88,38.1,20.25,0.0,23.52,3.12,21.87
2025-05-11,31.67,41.74,22.06,0.0,19.43,3.13,66.4
2025-05-12,25.62,33.4,19.06,0.0,42.48,3.41,35.33
2025-05-13,28.29,37.11,20.88,0.0,32.49,4.68,53.56
2025-05-14,24.23,31.41,18.04,0.0,49.13,3.45,34.81
2025-05-15,23.65,31.74,15.09,0.0,44.09,2.08,64.35
2025-05-16,29.17,39.46,18.39,0.0,28.24,3.16,50.98
2025-05-17,32.46,43.09,21.68,0.0,22.36,3.93,84.28
2025-05-18,26.93,36.08,20.1,0.0,46.2,5.04,69.43
2025-05-19,24.35,33.42,17.07,0.0,46.8,4.95,4.6
2025-05-20,22.93,32.42,14.63,0.0,44.64,4.39,23.94
2025-05-21,23.47,32.71,15.45,0.66,44.3,3.94,12.18
2025-05-22,24.22,34.34,14.87,6.19,47.4,3.19,5.38
2025-05-23,26.18,36.7,15.61,0.0,37.99,2.95,6.4
2025-05-24,28.7,39.02,19.23,0.0,26.71,2.92,7.38
2025-05-25,30.33,39.88,20.97,0.0,23.88,2.85,31.68
2025-05-26,29.23,39.98,19.61,0.0,31.05,4.45,40.03
2025-05-27,24.1,31.47,18.15,1.18,50.08,4.36,6.54
2025-05-28,23.84,32.59,15.32,0.0,44.3,3.15,0.93
2025-05-29,25.42,33.02,17.84,0.0,33.57,2.44,22.55
2025-05-30,26.44,33.42,18.23,0.0,35.54,1.78,16.02
2025-05-31,26.08,32.7,19.82,0.0,38.42,3.58,37.68
2025-06-01,25.73,32.94,18.87,0.0,45.71,3.48,49.26
2025-06-02,24.85,32.07,18.11,0.0,46.42,3.6,34.66
2025-06-03,25.08,33.53,16.57,0.0,47.25,3.46,26.6
2025-06-04,26.62,35.67,17.09,0.0,43.36,3.66,12.68
2025-06-05,27.24,36.81,17.57,0.0,41.47,3.7,4.7
2025-06-06,28.19,38.0,17.9,0.0,37.59,3.32,5.83
2025-06-07,28.35,38.35,18.51,0.0,35.57,3.5,8.87
2025-06-08,27.89,37.54,18.28,0.0,43.02,3.36,9.39
2025-06-09,28.56,37.74,18.6,0.0,45.77,2.68,8.19
2025-06-10,29.4,39.25,19.96,0.0,37.56,3.25,3.3
2025-06-11,29.06,38.38,18.82,0.0,39.19,2.73,2.02
2025-06-12,29.42,38.65,20.27,0.0,42.0,3.01,7.1
2025-06-13,29.56,39.67,19.67,0.0,43.45,3.72,18.35
2025-06-14,28.65,38.78,19.43,0.0,43.58,4.06,4.42
2025-06-15,27.19,36.45,18.65,0.0,47.99,3.92,3.05
2025-06-16,26.46,35.97,17.55,0.0,49.97,4.01,6.13
2025-06-17,27.88,36.53,20.08,0.0,47.16,3.32,28.55
2025-06-18,28.57,36.98,19.73,0.0,42.1,3.56,14.37
2025-06-19,28.28,37.09,18.67,0.0,38.27,2.94,11.04
2025-06-20,28.67,38.18,18.61,0.0,41.88,3.28,7.59
2025-06-21,28.91,37.9,19.57,0.0,42.89,3.39,2.25
2025-06-22,28.27,37.85,19.61,0.0,46.61,4.31,5.5
2025-06-23,27.55,36.1,19.8,0.0,43.76,3.82,10.66
2025-06-24,28.37,37.43,19.18,0.0,46.58,3.04,14.69
2025-06-25,28.64,37.18,19.75,0.42,39.96,3.36,12.05
2025-06-26,28.09,36.38,18.72,0.78,38.94,2.59,7.8
2025-06-27,29.1,37.46,20.06,0.74,36.67,2.36,13.75
2025-06-28,29.55,38.82,20.4,1.99,42.22,2.3,18.74
2025-06-29,29.53,38.93,20.21,0.82,48.23,3.21,12.27
2025-06-30,29.92,38.37,20.9,0.0,45.16,3.03,13.0
2025-07-01,31.27,38.45,24.64,0.09,43.68,3.32,64.75
2025-07-02,30.01,37.86,22.55,0.61,47.14,3.08,13.42
2025-07-03,30.81,39.33,21.56,0.66,44.22,2.28,15.55
2025-07-04,30.51,38.81,23.08,0.48,44.73,3.32,12.3
2025-07-05,29.81,38.9,20.67,0.0,36.06,3.42,1.36
2025-07-06,29.76,39.12,20.41,0.0,36.07,3.64,1.68
2025-07-07,30.07,39.98,19.93,0.0,36.06,3.19,5.38
2025-07-08,29.75,39.44,19.96,0.0,37.86,2.82,1.42
2025-07-09,29.31,38.64,19.51,0.0,41.28,2.51,4.63
2025-07-10,30.62,40.27,20.31,0.0,39.63,2.38,14.26
2025-07-11,30.24,39.01,21.38,0.0,43.52,2.45,24.66
2025-07-12,30.06,38.45,22.53,0.0,47.07,3.03,26.98
2025-07-13,29.38,38.07,21.87,0.0,43.86,3.73,25.6
2025-07-14,28.64,37.27,20.34,0.0,48.85,3.1,21.58
2025-07-15,29.19,37.49,20.44,0.0,42.42,2.16,1.29
2025-07-16,31.36,39.72,22.62,0.0,31.11,2.12,1.81
2025-07-17,32.55,40.74,24.23,0.0,29.41,2.24,7.38
2025-07-18,32.4,40.05,24.42,0.0,34.96,3.06,5.1
2025-07-19,30.66,38.75,22.61,0.0,38.19,3.12,3.12
2025-07-20,30.01,38.7,21.26,0.0,43.94,2.98,7.05
2025-07-21,30.74,38.98,22.32,0.0,46.65,2.98,13.7
2025-07-22,32.28,40.96,23.11,0.0,37.36,1.42,4.69
2025-07-23,33.45,42.14,24.24,0.0,37.55,2.43,9.51
2025-07-24,33.08,41.72,23.86,0.0,28.06,2.17,11.87
2025-07-25,33.12,42.03,24.88,0.0,31.62,2.75,16.56
2025-07-26,33.2,43.04,23.2,0.0,42.15,2.3,17.86
2025-07-27,33.87,42.66,25.08,0.0,33.31,2.86,8.69
2025-07-28,32.88,41.39,24.69,0.0,34.17,2.94,17.9
2025-07-29,31.41,40.13,23.98,0.0,47.79,3.45,16.12
2025-07-30,30.0,38.03,22.83,0.0,45.85,3.01,12.74
2025-07-31,29.49,37.0,23.09,0.0,50.55,3.48,24.41
